Workbook

Sheet 2
A1: Ежедневный учёт движения больных и коечного фонда КСС
D2: Отделение: | E2: I отделение
C3: дата составления: | D3: 45718 | F3: за: | G3: =D3-1 -> 45717
A5: Занято коек на начало дня | B5: Поступило | C5: Перевод | E5: Выписано | G5: Умерло | H5: Занято коек на конец дня
C6: в (выбыл) | D6: из (прибыл) | E6: Всего | F6: в т.ч. в др. ЛПУ
A7: 123 | B7: =COUNTA(A10:A59) -> 0 | C7: =COUNTA(E10:E59) -> 0 | D7: =COUNTA(F10:F59) -> 0 | E7: =COUNTA(C10:C59)+F7 -> 0 | F7: =COUNTA(G10:G59) -> 0 | G7: =COUNTA(H10:H59) -> 0 | H7: =A7+B7+D7-C7-E7-G7 -> 123
A9: Поступило | B9: сопровож- дение (1 — да) | C9: Выписано | D9: Перевод внутри больницы (ФИО!) | E9: в (КУДА!) | F9: из (ОТКУДА!) | G9: Перевод в др. ЛПУ | H9: Умерло

Sheet 3
A1: Ежедневный учёт движения больных и коечного фонда КСС
D2: Отделение: | E2: ='2'!E2 -> I отделение
C3: дата составления: | D3: ='2'!D3+1 -> 45719 | F3: за: | G3: =D3-1 -> 45718
A5: Занято коек на начало дня | B5: Поступило | C5: Перевод | E5: Выписано | G5: Умерло | H5: Занято коек на конец дня
C6: в (выбыл) | D6: из (прибыл) | E6: Всего | F6: в т.ч. в др. ЛПУ
A7: ='2'!H7 -> 123 | B7: =COUNTA(A10:A59) -> 0 | C7: =COUNTA(E10:E59) -> 0 | D7: =COUNTA(F10:F59) -> 0 | E7: =COUNTA(C10:C59)+F7 -> 0 | F7: =COUNTA(G10:G59) -> 0 | G7: =COUNTA(H10:H59) -> 0 | H7: =A7+B7+D7-C7-E7-G7 -> 123
A9: Поступило | B9: сопровож- дение (1 — да) | C9: Выписано | D9: Перевод внутри больницы (ФИО!) | E9: в (КУДА!) | F9: из (ОТКУДА!) | G9: Перевод в др. ЛПУ | H9: Умерло

Sheet 4
A1: Ежедневный учёт движения больных и коечного фонда КСС
D2: Отделение: | E2: ='3'!E2 -> I отделение
C3: дата составления: | D3: ='3'!D3+1 -> 45720 | F3: за: | G3: =D3-1 -> 45719
A5: Занято коек на начало дня | B5: Поступило | C5: Перевод | E5: Выписано | G5: Умерло | H5: Занято коек на конец дня
C6: в (выбыл) | D6: из (прибыл) | E6: Всего | F6: в т.ч. в др. ЛПУ
A7: ='3'!H7 -> 123 | B7: =COUNTA(A10:A59) -> 0 | C7: =COUNTA(E10:E59) -> 0 | D7: =COUNTA(F10:F59) -> 0 | E7: =COUNTA(C10:C59)+F7 -> 0 | F7: =COUNTA(G10:G59) -> 0 | G7: =COUNTA(H10:H59) -> 0 | H7: =A7+B7+D7-C7-E7-G7 -> 123
A9: Поступило | B9: сопровож- дение (1 — да) | C9: Выписано | D9: Перевод внутри больницы (ФИО!) | E9: в (КУДА!) | F9: из (ОТКУДА!) | G9: Перевод в др. ЛПУ | H9: Умерло

Sheet 5
A1: Ежедневный учёт движения больных и коечного фонда КСС
D2: Отделение: | E2: ='4'!E2 -> I отделение
C3: дата составления: | D3: ='4'!D3+1 -> 45721 | F3: за: | G3: =D3-1 -> 45720
A5: Занято коек на начало дня | B5: Поступило | C5: Перевод | E5: Выписано | G5: Умерло | H5: Занято коек на конец дня
C6: в (выбыл) | D6: из (прибыл) | E6: Всего | F6: в т.ч. в др. ЛПУ
A7: ='4'!H7 -> 123 | B7: =COUNTA(A10:A59) -> 0 | C7: =COUNTA(E10:E59) -> 0 | D7: =COUNTA(F10:F59) -> 0 | E7: =COUNTA(C10:C59)+F7 -> 0 | F7: =COUNTA(G10:G59) -> 0 | G7: =COUNTA(H10:H59) -> 0 | H7: =A7+B7+D7-C7-E7-G7 -> 123
A9: Поступило | B9: сопровож- дение (1 — да) | C9: Выписано | D9: Перевод внутри больницы (ФИО!) | E9: в (КУДА!) | F9: из (ОТКУДА!) | G9: Перевод в др. ЛПУ | H9: Умерло

Sheet 6
A1: Ежедневный учёт движения больных и коечного фонда КСС
D2: Отделение: | E2: ='5'!E2 -> I отделение
C3: дата составления: | D3: ='5'!D3+1 -> 45722 | F3: за: | G3: =D3-1 -> 45721
A5: Занято коек на начало дня | B5: Поступило | C5: Перевод | E5: Выписано | G5: Умерло | H5: Занято коек на конец дня
C6: в (выбыл) | D6: из (прибыл) | E6: Всего | F6: в т.ч. в др. ЛПУ
A7: ='5'!H7 -> 123 | B7: =COUNTA(A10:A59) -> 0 | C7: =COUNTA(E10:E59) -> 0 | D7: =COUNTA(F10:F59) -> 0 | E7: =COUNTA(C10:C59)+F7 -> 0 | F7: =COUNTA(G10:G59) -> 0 | G7: =COUNTA(H10:H59) -> 0 | H7: =A7+B7+D7-C7-E7-G7 -> 123
A9: Поступило | B9: сопровож- дение (1 — да) | C9: Выписано | D9: Перевод внутри больницы (ФИО!) | E9: в (КУДА!) | F9: из (ОТКУДА!) | G9: Перевод в др. ЛПУ | H9: Умерло

Sheet 7
A1: Ежедневный учёт движения больных и коечного фонда КСС
D2: Отделение: | E2: ='6'!E2 -> I отделение
C3: дата составления: | D3: ='6'!D3+1 -> 45723 | F3: за: | G3: =D3-1 -> 45722
A5: Занято коек на начало дня | B5: Поступило | C5: Перевод | E5: Выписано | G5: Умерло | H5: Занято коек на конец дня
C6: в (выбыл) | D6: из (прибыл) | E6: Всего | F6: в т.ч. в др. ЛПУ
A7: ='6'!H7 -> 123 | B7: =COUNTA(A10:A59) -> 0 | C7: =COUNTA(E10:E59) -> 0 | D7: =COUNTA(F10:F59) -> 0 | E7: =COUNTA(C10:C59)+F7 -> 0 | F7: =COUNTA(G10:G59) -> 0 | G7: =COUNTA(H10:H59) -> 0 | H7: =A7+B7+D7-C7-E7-G7 -> 123
A9: Поступило | B9: сопровож- дение (1 — да) | C9: Выписано | D9: Перевод внутри больницы (ФИО!) | E9: в (КУДА!) | F9: из (ОТКУДА!) | G9: Перевод в др. ЛПУ | H9: Умерло

Sheet 8
A1: Ежедневный учёт движения больных и коечного фонда КСС
D2: Отделение: | E2: ='7'!E2 -> I отделение
C3: дата составления: | D3: ='7'!D3+1 -> 45724 | F3: за: | G3: =D3-1 -> 45723
A5: Занято коек на начало дня | B5: Поступило | C5: Перевод | E5: Выписано | G5: Умерло | H5: Занято коек на конец дня
C6: в (выбыл) | D6: из (прибыл) | E6: Всего | F6: в т.ч. в др. ЛПУ
A7: ='7'!H7 -> 123 | B7: =COUNTA(A10:A59) -> 0 | C7: =COUNTA(E10:E59) -> 0 | D7: =COUNTA(F10:F59) -> 0 | E7: =COUNTA(C10:C59)+F7 -> 0 | F7: =COUNTA(G10:G59) -> 0 | G7: =COUNTA(H10:H59) -> 0 | H7: =A7+B7+D7-C7-E7-G7 -> 123
A9: Поступило | B9: сопровож- дение (1 — да) | C9: Выписано | D9: Перевод внутри больницы (ФИО!) | E9: в (КУДА!) | F9: из (ОТКУДА!) | G9: Перевод в др. ЛПУ | H9: Умерло

Sheet 9
A1: Ежедневный учёт движения больных и коечного фонда КСС
D2: Отделение: | E2: ='8'!E2 -> I отделение
C3: дата составления: | D3: ='8'!D3+1 -> 45725 | F3: за: | G3: =D3-1 -> 45724
A5: Занято коек на начало дня | B5: Поступило | C5: Перевод | E5: Выписано | G5: Умерло | H5: Занято коек на конец дня
C6: в (выбыл) | D6: из (прибыл) | E6: Всего | F6: в т.ч. в др. ЛПУ
A7: ='8'!H7 -> 123 | B7: =COUNTA(A10:A59) -> 0 | C7: =COUNTA(E10:E59) -> 0 | D7: =COUNTA(F10:F59) -> 0 | E7: =COUNTA(C10:C59)+F7 -> 0 | F7: =COUNTA(G10:G59) -> 0 | G7: =COUNTA(H10:H59) -> 0 | H7: =A7+B7+D7-C7-E7-G7 -> 123
A9: Поступило | B9: сопровож- дение (1 — да) | C9: Выписано | D9: Перевод внутри больницы (ФИО!) | E9: в (КУДА!) | F9: из (ОТКУДА!) | G9: Перевод в др. ЛПУ | H9: Умерло

Sheet 10
A1: Ежедневный учёт движения больных и коечного фонда КСС
D2: Отделение: | E2: ='9'!E2 -> I отделение
C3: дата составления: | D3: ='9'!D3+1 -> 45726 | F3: за: | G3: =D3-1 -> 45725
A5: Занято коек на начало дня | B5: Поступило | C5: Перевод | E5: Выписано | G5: Умерло | H5: Занято коек на конец дня
C6: в (выбыл) | D6: из (прибыл) | E6: Всего | F6: в т.ч. в др. ЛПУ
A7: ='9'!H7 -> 123 | B7: =COUNTA(A10:A59) -> 0 | C7: =COUNTA(E10:E59) -> 0 | D7: =COUNTA(F10:F59) -> 0 | E7: =COUNTA(C10:C59)+F7 -> 0 | F7: =COUNTA(G10:G59) -> 0 | G7: =COUNTA(H10:H59) -> 0 | H7: =A7+B7+D7-C7-E7-G7 -> 123
A9: Поступило | B9: сопровож- дение (1 — да) | C9: Выписано | D9: Перевод внутри больницы (ФИО!) | E9: в (КУДА!) | F9: из (ОТКУДА!) | G9: Перевод в др. ЛПУ | H9: Умерло

Sheet 11
A1: Ежедневный учёт движения больных и коечного фонда КСС
D2: Отделение: | E2: ='10'!E2 -> I отделение
C3: дата составления: | D3: ='10'!D3+1 -> 45727 | F3: за: | G3: =D3-1 -> 45726
A5: Занято коек на начало дня | B5: Поступило | C5: Перевод | E5: Выписано | G5: Умерло | H5: Занято коек на конец дня
C6: в (выбыл) | D6: из (прибыл) | E6: Всего | F6: в т.ч. в др. ЛПУ
A7: ='10'!H7 -> 123 | B7: =COUNTA(A10:A59) -> 0 | C7: =COUNTA(E10:E59) -> 0 | D7: =COUNTA(F10:F59) -> 0 | E7: =COUNTA(C10:C59)+F7 -> 0 | F7: =COUNTA(G10:G59) -> 0 | G7: =COUNTA(H10:H59) -> 0 | H7: =A7+B7+D7-C7-E7-G7 -> 123
A9: Поступило | B9: сопровож- дение (1 — да) | C9: Выписано | D9: Перевод внутри больницы (ФИО!) | E9: в (КУДА!) | F9: из (ОТКУДА!) | G9: Перевод в др. ЛПУ | H9: Умерло

Sheet 12
A1: Ежедневный учёт движения больных и коечного фонда КСС
D2: Отделение: | E2: ='11'!E2 -> I отделение
C3: дата составления: | D3: ='11'!D3+1 -> 45728 | F3: за: | G3: =D3-1 -> 45727
A5: Занято коек на начало дня | B5: Поступило | C5: Перевод | E5: Выписано | G5: Умерло | H5: Занято коек на конец дня
C6: в (выбыл) | D6: из (прибыл) | E6: Всего | F6: в т.ч. в др. ЛПУ
A7: ='11'!H7 -> 123 | B7: =COUNTA(A10:A59) -> 0 | C7: =COUNTA(E10:E59) -> 0 | D7: =COUNTA(F10:F59) -> 0 | E7: =COUNTA(C10:C59)+F7 -> 0 | F7: =COUNTA(G10:G59) -> 0 | G7: =COUNTA(H10:H59) -> 0 | H7: =A7+B7+D7-C7-E7-G7 -> 123
A9: Поступило | B9: сопровож- дение (1 — да) | C9: Выписано | D9: Перевод внутри больницы (ФИО!) | E9: в (КУДА!) | F9: из (ОТКУДА!) | G9: Перевод в др. ЛПУ | H9: Умерло

Sheet 13
A1: Ежедневный учёт движения больных и коечного фонда КСС
D2: Отделение: | E2: ='12'!E2 -> I отделение
C3: дата составления: | D3: ='12'!D3+1 -> 45729 | F3: за: | G3: =D3-1 -> 45728
A5: Занято коек на начало дня | B5: Поступило | C5: Перевод | E5: Выписано | G5: Умерло | H5: Занято коек на конец дня
C6: в (выбыл) | D6: из (прибыл) | E6: Всего | F6: в т.ч. в др. ЛПУ
A7: ='12'!H7 -> 123 | B7: =COUNTA(A10:A59) -> 0 | C7: =COUNTA(E10:E59) -> 0 | D7: =COUNTA(F10:F59) -> 0 | E7: =COUNTA(C10:C59)+F7 -> 0 | F7: =COUNTA(G10:G59) -> 0 | G7: =COUNTA(H10:H59) -> 0 | H7: =A7+B7+D7-C7-E7-G7 -> 123
A9: Поступило | B9: сопровож- дение (1 — да) | C9: Выписано | D9: Перевод внутри больницы (ФИО!) | E9: в (КУДА!) | F9: из (ОТКУДА!) | G9: Перевод в др. ЛПУ | H9: Умерло

Sheet 14
A1: Ежедневный учёт движения больных и коечного фонда КСС
D2: Отделение: | E2: ='13'!E2 -> I отделение
C3: дата составления: | D3: ='13'!D3+1 -> 45730 | F3: за: | G3: =D3-1 -> 45729
A5: Занято коек на начало дня | B5: Поступило | C5: Перевод | E5: Выписано | G5: Умерло | H5: Занято коек на конец дня
C6: в (выбыл) | D6: из (прибыл) | E6: Всего | F6: в т.ч. в др. ЛПУ
A7: ='13'!H7 -> 123 | B7: =COUNTA(A10:A59) -> 0 | C7: =COUNTA(E10:E59) -> 0 | D7: =COUNTA(F10:F59) -> 0 | E7: =COUNTA(C10:C59)+F7 -> 0 | F7: =COUNTA(G10:G59) -> 0 | G7: =COUNTA(H10:H59) -> 0 | H7: =A7+B7+D7-C7-E7-G7 -> 123
A9: Поступило | B9: сопровож- дение (1 — да) | C9: Выписано | D9: Перевод внутри больницы (ФИО!) | E9: в (КУДА!) | F9: из (ОТКУДА!) | G9: Перевод в др. ЛПУ | H9: Умерло

Sheet 15
A1: Ежедневный учёт движения больных и коечного фонда КСС
D2: Отделение: | E2: ='14'!E2 -> I отделение
C3: дата составления: | D3: ='14'!D3+1 -> 45731 | F3: за: | G3: =D3-1 -> 45730
A5: Занято коек на начало дня | B5: Поступило | C5: Перевод | E5: Выписано | G5: Умерло | H5: Занято коек на конец дня
C6: в (выбыл) | D6: из (прибыл) | E6: Всего | F6: в т.ч. в др. ЛПУ
A7: ='14'!H7 -> 123 | B7: =COUNTA(A10:A59) -> 0 | C7: =COUNTA(E10:E59) -> 0 | D7: =COUNTA(F10:F59) -> 0 | E7: =COUNTA(C10:C59)+F7 -> 0 | F7: =COUNTA(G10:G59) -> 0 | G7: =COUNTA(H10:H59) -> 0 | H7: =A7+B7+D7-C7-E7-G7 -> 123
A9: Поступило | B9: сопровож- дение (1 — да) | C9: Выписано | D9: Перевод внутри больницы (ФИО!) | E9: в (КУДА!) | F9: из (ОТКУДА!) | G9: Перевод в др. ЛПУ | H9: Умерло

Sheet 16
A1: Ежедневный учёт движения больных и коечного фонда КСС
D2: Отделение: | E2: ='15'!E2 -> I отделение
C3: дата составления: | D3: ='15'!D3+1 -> 45732 | F3: за: | G3: =D3-1 -> 45731
A5: Занято коек на начало дня | B5: Поступило | C5: Перевод | E5: Выписано | G5: Умерло | H5: Занято коек на конец дня
C6: в (выбыл) | D6: из (прибыл) | E6: Всего | F6: в т.ч. в др. ЛПУ
A7: ='15'!H7 -> 123 | B7: =COUNTA(A10:A59) -> 0 | C7: =COUNTA(E10:E59) -> 0 | D7: =COUNTA(F10:F59) -> 0 | E7: =COUNTA(C10:C59)+F7 -> 0 | F7: =COUNTA(G10:G59) -> 0 | G7: =COUNTA(H10:H59) -> 0 | H7: =A7+B7+D7-C7-E7-G7 -> 123
A9: Поступило | B9: сопровож- дение (1 — да) | C9: Выписано | D9: Перевод внутри больницы (ФИО!) | E9: в (КУДА!) | F9: из (ОТКУДА!) | G9: Перевод в др. ЛПУ | H9: Умерло

Sheet 17
A1: Ежедневный учёт движения больных и коечного фонда КСС
D2: Отделение: | E2: ='16'!E2 -> I отделение
C3: дата составления: | D3: ='16'!D3+1 -> 45733 | F3: за: | G3: =D3-1 -> 45732
A5: Занято коек на начало дня | B5: Поступило | C5: Перевод | E5: Выписано | G5: Умерло | H5: Занято коек на конец дня
C6: в (выбыл) | D6: из (прибыл) | E6: Всего | F6: в т.ч. в др. ЛПУ
A7: ='16'!H7 -> 123 | B7: =COUNTA(A10:A59) -> 0 | C7: =COUNTA(E10:E59) -> 0 | D7: =COUNTA(F10:F59) -> 0 | E7: =COUNTA(C10:C59)+F7 -> 0 | F7: =COUNTA(G10:G59) -> 0 | G7: =COUNTA(H10:H59) -> 0 | H7: =A7+B7+D7-C7-E7-G7 -> 123
A9: Поступило | B9: сопровож- дение (1 — да) | C9: Выписано | D9: Перевод внутри больницы (ФИО!) | E9: в (КУДА!) | F9: из (ОТКУДА!) | G9: Перевод в др. ЛПУ | H9: Умерло

Sheet 18
A1: Ежедневный учёт движения больных и коечного фонда КСС
D2: Отделение: | E2: ='17'!E2 -> I отделение
C3: дата составления: | D3: ='17'!D3+1 -> 45734 | F3: за: | G3: =D3-1 -> 45733
A5: Занято коек на начало дня | B5: Поступило | C5: Перевод | E5: Выписано | G5: Умерло | H5: Занято коек на конец дня
C6: в (выбыл) | D6: из (прибыл) | E6: Всего | F6: в т.ч. в др. ЛПУ
A7: ='17'!H7 -> 123 | B7: =COUNTA(A10:A59) -> 0 | C7: =COUNTA(E10:E59) -> 0 | D7: =COUNTA(F10:F59) -> 0 | E7: =COUNTA(C10:C59)+F7 -> 0 | F7: =COUNTA(G10:G59) -> 0 | G7: =COUNTA(H10:H59) -> 0 | H7: =A7+B7+D7-C7-E7-G7 -> 123
A9: Поступило | B9: сопровож- дение (1 — да) | C9: Выписано | D9: Перевод внутри больницы (ФИО!) | E9: в (КУДА!) | F9: из (ОТКУДА!) | G9: Перевод в др. ЛПУ | H9: Умерло

Sheet 19
A1: Ежедневный учёт движения больных и коечного фонда КСС
D2: Отделение: | E2: ='18'!E2 -> I отделение
C3: дата составления: | D3: ='18'!D3+1 -> 45735 | F3: за: | G3: =D3-1 -> 45734
A5: Занято коек на начало дня | B5: Поступило | C5: Перевод | E5: Выписано | G5: Умерло | H5: Занято коек на конец дня
C6: в (выбыл) | D6: из (прибыл) | E6: Всего | F6: в т.ч. в др. ЛПУ
A7: ='18'!H7 -> 123 | B7: =COUNTA(A10:A59) -> 0 | C7: =COUNTA(E10:E59) -> 0 | D7: =COUNTA(F10:F59) -> 0 | E7: =COUNTA(C10:C59)+F7 -> 0 | F7: =COUNTA(G10:G59) -> 0 | G7: =COUNTA(H10:H59) -> 0 | H7: =A7+B7+D7-C7-E7-G7 -> 123
A9: Поступило | B9: сопровож- дение (1 — да) | C9: Выписано | D9: Перевод внутри больницы (ФИО!) | E9: в (КУДА!) | F9: из (ОТКУДА!) | G9: Перевод в др. ЛПУ | H9: Умерло

Sheet 20
A1: Ежедневный учёт движения больных и коечного фонда КСС
D2: Отделение: | E2: ='19'!E2 -> I отделение
C3: дата составления: | D3: ='19'!D3+1 -> 45736 | F3: за: | G3: =D3-1 -> 45735
A5: Занято коек на начало дня | B5: Поступило | C5: Перевод | E5: Выписано | G5: Умерло | H5: Занято коек на конец дня
C6: в (выбыл) | D6: из (прибыл) | E6: Всего | F6: в т.ч. в др. ЛПУ
A7: ='19'!H7 -> 123 | B7: =COUNTA(A10:A59) -> 0 | C7: =COUNTA(E10:E59) -> 0 | D7: =COUNTA(F10:F59) -> 0 | E7: =COUNTA(C10:C59)+F7 -> 0 | F7: =COUNTA(G10:G59) -> 0 | G7: =COUNTA(H10:H59) -> 0 | H7: =A7+B7+D7-C7-E7-G7 -> 123
A9: Поступило | B9: сопровож- дение (1 — да) | C9: Выписано | D9: Перевод внутри больницы (ФИО!) | E9: в (КУДА!) | F9: из (ОТКУДА!) | G9: Перевод в др. ЛПУ | H9: Умерло

Sheet 21
A1: Ежедневный учёт движения больных и коечного фонда КСС
D2: Отделение: | E2: ='20'!E2 -> I отделение
C3: дата составления: | D3: ='20'!D3+1 -> 45737 | F3: за: | G3: =D3-1 -> 45736
A5: Занято коек на начало дня | B5: Поступило | C5: Перевод | E5: Выписано | G5: Умерло | H5: Занято коек на конец дня
C6: в (выбыл) | D6: из (прибыл) | E6: Всего | F6: в т.ч. в др. ЛПУ
A7: ='20'!H7 -> 123 | B7: =COUNTA(A10:A59) -> 0 | C7: =COUNTA(E10:E59) -> 0 | D7: =COUNTA(F10:F59) -> 0 | E7: =COUNTA(C10:C59)+F7 -> 0 | F7: =COUNTA(G10:G59) -> 0 | G7: =COUNTA(H10:H59) -> 0 | H7: =A7+B7+D7-C7-E7-G7 -> 123
A9: Поступило | B9: сопровож- дение (1 — да) | C9: Выписано | D9: Перевод внутри больницы (ФИО!) | E9: в (КУДА!) | F9: из (ОТКУДА!) | G9: Перевод в др. ЛПУ | H9: Умерло

Sheet 22
A1: Ежедневный учёт движения больных и коечного фонда КСС
D2: Отделение: | E2: ='21'!E2 -> I отделение
C3: дата составления: | D3: ='21'!D3+1 -> 45738 | F3: за: | G3: =D3-1 -> 45737
A5: Занято коек на начало дня | B5: Поступило | C5: Перевод | E5: Выписано | G5: Умерло | H5: Занято коек на конец дня
C6: в (выбыл) | D6: из (прибыл) | E6: Всего | F6: в т.ч. в др. ЛПУ
A7: ='21'!H7 -> 123 | B7: =COUNTA(A10:A59) -> 0 | C7: =COUNTA(E10:E59) -> 0 | D7: =COUNTA(F10:F59) -> 0 | E7: =COUNTA(C10:C59)+F7 -> 0 | F7: =COUNTA(G10:G59) -> 0 | G7: =COUNTA(H10:H59) -> 0 | H7: =A7+B7+D7-C7-E7-G7 -> 123
A9: Поступило | B9: сопровож- дение (1 — да) | C9: Выписано | D9: Перевод внутри больницы (ФИО!) | E9: в (КУДА!) | F9: из (ОТКУДА!) | G9: Перевод в др. ЛПУ | H9: Умерло

Sheet 23
A1: Ежедневный учёт движения больных и коечного фонда КСС
D2: Отделение: | E2: ='22'!E2 -> I отделение
C3: дата составления: | D3: ='22'!D3+1 -> 45739 | F3: за: | G3: =D3-1 -> 45738
A5: Занято коек на начало дня | B5: Поступило | C5: Перевод | E5: Выписано | G5: Умерло | H5: Занято коек на конец дня
C6: в (выбыл) | D6: из (прибыл) | E6: Всего | F6: в т.ч. в др. ЛПУ
A7: ='22'!H7 -> 123 | B7: =COUNTA(A10:A59) -> 0 | C7: =COUNTA(E10:E59) -> 0 | D7: =COUNTA(F10:F59) -> 0 | E7: =COUNTA(C10:C59)+F7 -> 0 | F7: =COUNTA(G10:G59) -> 0 | G7: =COUNTA(H10:H59) -> 0 | H7: =A7+B7+D7-C7-E7-G7 -> 123
A9: Поступило | B9: сопровож- дение (1 — да) | C9: Выписано | D9: Перевод внутри больницы (ФИО!) | E9: в (КУДА!) | F9: из (ОТКУДА!) | G9: Перевод в др. ЛПУ | H9: Умерло

Sheet 24
A1: Ежедневный учёт движения больных и коечного фонда КСС
D2: Отделение: | E2: ='23'!E2 -> I отделение
C3: дата составления: | D3: ='23'!D3+1 -> 45740 | F3: за: | G3: =D3-1 -> 45739
A5: Занято коек на начало дня | B5: Поступило | C5: Перевод | E5: Выписано | G5: Умерло | H5: Занято коек на конец дня
C6: в (выбыл) | D6: из (прибыл) | E6: Всего | F6: в т.ч. в др. ЛПУ
A7: ='23'!H7 -> 123 | B7: =COUNTA(A10:A59) -> 0 | C7: =COUNTA(E10:E59) -> 0 | D7: =COUNTA(F10:F59) -> 0 | E7: =COUNTA(C10:C59)+F7 -> 0 | F7: =COUNTA(G10:G59) -> 0 | G7: =COUNTA(H10:H59) -> 0 | H7: =A7+B7+D7-C7-E7-G7 -> 123
A9: Поступило | B9: сопровож- дение (1 — да) | C9: Выписано | D9: Перевод внутри больницы (ФИО!) | E9: в (КУДА!) | F9: из (ОТКУДА!) | G9: Перевод в др. ЛПУ | H9: Умерло

Sheet 25
A1: Ежедневный учёт движения больных и коечного фонда КСС
D2: Отделение: | E2: ='24'!E2 -> I отделение
C3: дата составления: | D3: ='24'!D3+1 -> 45741 | F3: за: | G3: =D3-1 -> 45740
A5: Занято коек на начало дня | B5: Поступило | C5: Перевод | E5: Выписано | G5: Умерло | H5: Занято коек на конец дня
C6: в (выбыл) | D6: из (прибыл) | E6: Всего | F6: в т.ч. в др. ЛПУ
A7: ='24'!H7 -> 123 | B7: =COUNTA(A10:A59) -> 0 | C7: =COUNTA(E10:E59) -> 0 | D7: =COUNTA(F10:F59) -> 0 | E7: =COUNTA(C10:C59)+F7 -> 0 | F7: =COUNTA(G10:G59) -> 0 | G7: =COUNTA(H10:H59) -> 0 | H7: =A7+B7+D7-C7-E7-G7 -> 123
A9: Поступило | B9: сопровож- дение (1 — да) | C9: Выписано | D9: Перевод внутри больницы (ФИО!) | E9: в (КУДА!) | F9: из (ОТКУДА!) | G9: Перевод в др. ЛПУ | H9: Умерло

Sheet 26
A1: Ежедневный учёт движения больных и коечного фонда КСС
D2: Отделение: | E2: ='25'!E2 -> I отделение
C3: дата составления: | D3: ='25'!D3+1 -> 45742 | F3: за: | G3: =D3-1 -> 45741
A5: Занято коек на начало дня | B5: Поступило | C5: Перевод | E5: Выписано | G5: Умерло | H5: Занято коек на конец дня
C6: в (выбыл) | D6: из (прибыл) | E6: Всего | F6: в т.ч. в др. ЛПУ
A7: ='25'!H7 -> 123 | B7: =COUNTA(A10:A59) -> 0 | C7: =COUNTA(E10:E59) -> 0 | D7: =COUNTA(F10:F59) -> 0 | E7: =COUNTA(C10:C59)+F7 -> 0 | F7: =COUNTA(G10:G59) -> 0 | G7: =COUNTA(H10:H59) -> 0 | H7: =A7+B7+D7-C7-E7-G7 -> 123
A9: Поступило | B9: сопровож- дение (1 — да) | C9: Выписано | D9: Перевод внутри больницы (ФИО!) | E9: в (КУДА!) | F9: из (ОТКУДА!) | G9: Перевод в др. ЛПУ | H9: Умерло

Sheet 27
A1: Ежедневный учёт движения больных и коечного фонда КСС
D2: Отделение: | E2: ='26'!E2 -> I отделение
C3: дата составления: | D3: ='26'!D3+1 -> 45743 | F3: за: | G3: =D3-1 -> 45742
A5: Занято коек на начало дня | B5: Поступило | C5: Перевод | E5: Выписано | G5: Умерло | H5: Занято коек на конец дня
C6: в (выбыл) | D6: из (прибыл) | E6: Всего | F6: в т.ч. в др. ЛПУ
A7: ='26'!H7 -> 123 | B7: =COUNTA(A10:A59) -> 0 | C7: =COUNTA(E10:E59) -> 0 | D7: =COUNTA(F10:F59) -> 0 | E7: =COUNTA(C10:C59)+F7 -> 0 | F7: =COUNTA(G10:G59) -> 0 | G7: =COUNTA(H10:H59) -> 0 | H7: =A7+B7+D7-C7-E7-G7 -> 123
A9: Поступило | B9: сопровож- дение (1 — да) | C9: Выписано | D9: Перевод внутри больницы (ФИО!) | E9: в (КУДА!) | F9: из (ОТКУДА!) | G9: Перевод в др. ЛПУ | H9: Умерло

Sheet 28
A1: Ежедневный учёт движения больных и коечного фонда КСС
D2: Отделение: | E2: ='27'!E2 -> I отделение
C3: дата составления: | D3: ='27'!D3+1 -> 45744 | F3: за: | G3: =D3-1 -> 45743
A5: Занято коек на начало дня | B5: Поступило | C5: Перевод | E5: Выписано | G5: Умерло | H5: Занято коек на конец дня
C6: в (выбыл) | D6: из (прибыл) | E6: Всего | F6: в т.ч. в др. ЛПУ
A7: ='27'!H7 -> 123 | B7: =COUNTA(A10:A59) -> 0 | C7: =COUNTA(E10:E59) -> 0 | D7: =COUNTA(F10:F59) -> 0 | E7: =COUNTA(C10:C59)+F7 -> 0 | F7: =COUNTA(G10:G59) -> 0 | G7: =COUNTA(H10:H59) -> 0 | H7: =A7+B7+D7-C7-E7-G7 -> 123
A9: Поступило | B9: сопровож- дение (1 — да) | C9: Выписано | D9: Перевод внутри больницы (ФИО!) | E9: в (КУДА!) | F9: из (ОТКУДА!) | G9: Перевод в др. ЛПУ | H9: Умерло

Sheet 29
A1: Ежедневный учёт движения больных и коечного фонда КСС
D2: Отделение: | E2: ='27'!E2 -> I отделение
C3: дата составления: | D3: ='28'!D3+1 -> 45745 | F3: за: | G3: =D3-1 -> 45744
A5: Занято коек на начало дня | B5: Поступило | C5: Перевод | E5: Выписано | G5: Умерло | H5: Занято коек на конец дня
C6: в (выбыл) | D6: из (прибыл) | E6: Всего | F6: в т.ч. в др. ЛПУ
A7: ='28'!H7 -> 123 | B7: =COUNTA(A10:A59) -> 0 | C7: =COUNTA(E10:E59) -> 0 | D7: =COUNTA(F10:F59) -> 0 | E7: =COUNTA(C10:C59)+F7 -> 0 | F7: =COUNTA(G10:G59) -> 0 | G7: =COUNTA(H10:H59) -> 0 | H7: =A7+B7+D7-C7-E7-G7 -> 123
A9: Поступило | B9: сопровож- дение (1 — да) | C9: Выписано | D9: Перевод внутри больницы (ФИО!) | E9: в (КУДА!) | F9: из (ОТКУДА!) | G9: Перевод в др. ЛПУ | H9: Умерло | J9: ='2'!E7+'3'!E7+'4'!E7+'5'!E7+'6'!E7+'7'!E7+'8'!E7+'9'!E7+'10'!E7+'11'!E7+'12'!E7+'13'!E7+'14'!E7+'15'!E7+'16'!E7+'17'!E7+'18'!E7+'19'!E7+'20'!E7+'21'!E7+'22'!E7+'23'!E7+'24'!E7+'25'!E7+'26'!E7+'27'!E7+'28'!E7+'29'!E7 -> 0 | K9: выписано за месяц
J10: ='2'!B7+'3'!B7+'4'!B7+'5'!B7+'6'!B7+'7'!B7+'8'!B7+'9'!B7+'10'!B7+'11'!B7+'12'!B7+'13'!B7+'14'!B7+'15'!B7+'16'!B7+'17'!B7+'18'!B7+'19'!B7+'20'!B7+'21'!B7+'22'!B7+'23'!B7+'24'!B7+'25'!B7+'26'!B7+'27'!B7+'28'!B7+'29'!B7 -> 0 | K10: поступило за месяц

Sheet 30
A1: Ежедневный учёт движения больных и коечного фонда КСС
D2: Отделение: | E2: ='27'!E2 -> I отделение
C3: дата составления: | D3: ='29'!D3+1 -> 45746 | F3: за: | G3: =D3-1 -> 45745
A5: Занято коек на начало дня | B5: Поступило | C5: Перевод | E5: Выписано | G5: Умерло | H5: Занято коек на конец дня
C6: в (выбыл) | D6: из (прибыл) | E6: Всего | F6: в т.ч. в др. ЛПУ
A7: ='29'!H7 -> 123 | B7: =COUNTA(A10:A59) -> 0 | C7: =COUNTA(E10:E59) -> 0 | D7: =COUNTA(F10:F59) -> 0 | E7: =COUNTA(C10:C59)+F7 -> 0 | F7: =COUNTA(G10:G59) -> 0 | G7: =COUNTA(H10:H59) -> 0 | H7: =A7+B7+D7-C7-E7-G7 -> 123
A9: Поступило | B9: сопровож- дение (1 — да) | C9: Выписано | D9: Перевод внутри больницы (ФИО!) | E9: в (КУДА!) | F9: из (ОТКУДА!) | G9: Перевод в др. ЛПУ | H9: Умерло | J9: ='2'!E7+'3'!E7+'4'!E7+'5'!E7+'6'!E7+'7'!E7+'8'!E7+'9'!E7+'10'!E7+'11'!E7+'12'!E7+'13'!E7+'14'!E7+'15'!E7+'16'!E7+'17'!E7+'18'!E7+'19'!E7+'20'!E7+'21'!E7+'22'!E7+'23'!E7+'24'!E7+'25'!E7+'26'!E7+'27'!E7+'28'!E7+'29'!E7+'30'!E7 -> 0 | K9: выписано за месяц
J10: ='2'!B7+'3'!B7+'4'!B7+'5'!B7+'6'!B7+'7'!B7+'8'!B7+'9'!B7+'10'!B7+'11'!B7+'12'!B7+'13'!B7+'14'!B7+'15'!B7+'16'!B7+'17'!B7+'18'!B7+'19'!B7+'20'!B7+'21'!B7+'22'!B7+'23'!B7+'24'!B7+'25'!B7+'26'!B7+'27'!B7+'28'!B7+'29'!B7+'30'!B7 -> 0 | K10: поступило за месяц

Sheet 31
A1: Ежедневный учёт движения больных и коечного фонда КСС
D2: Отделение: | E2: ='27'!E2 -> I отделение
C3: дата составления: | D3: ='30'!D3+1 -> 45747 | F3: за: | G3: =D3-1 -> 45746
A5: Занято коек на начало дня | B5: Поступило | C5: Перевод | E5: Выписано | G5: Умерло | H5: Занято коек на конец дня
C6: в (выбыл) | D6: из (прибыл) | E6: Всего | F6: в т.ч. в др. ЛПУ
A7: ='30'!H7 -> 123 | B7: =COUNTA(A10:A59) -> 0 | C7: =COUNTA(E10:E59) -> 0 | D7: =COUNTA(F10:F59) -> 0 | E7: =COUNTA(C10:C59)+F7 -> 0 | F7: =COUNTA(G10:G59) -> 0 | G7: =COUNTA(H10:H59) -> 0 | H7: =A7+B7+D7-C7-E7-G7 -> 123
A9: Поступило | B9: сопровож- дение (1 — да) | C9: Выписано | D9: Перевод внутри больницы (ФИО!) | E9: в (КУДА!) | F9: из (ОТКУДА!) | G9: Перевод в др. ЛПУ | H9: Умерло | J9: ='2'!E7+'3'!E7+'4'!E7+'5'!E7+'6'!E7+'7'!E7+'8'!E7+'9'!E7+'10'!E7+'11'!E7+'12'!E7+'13'!E7+'14'!E7+'15'!E7+'16'!E7+'17'!E7+'18'!E7+'19'!E7+'20'!E7+'21'!E7+'22'!E7+'23'!E7+'24'!E7+'25'!E7+'26'!E7+'27'!E7+'28'!E7+'29'!E7+'30'!E7+'31'!E7 -> 0 | K9: выписано за месяц
J10: ='2'!B7+'3'!B7+'4'!B7+'5'!B7+'6'!B7+'7'!B7+'8'!B7+'9'!B7+'10'!B7+'11'!B7+'12'!B7+'13'!B7+'14'!B7+'15'!B7+'16'!B7+'17'!B7+'18'!B7+'19'!B7+'20'!B7+'21'!B7+'22'!B7+'23'!B7+'24'!B7+'25'!B7+'26'!B7+'27'!B7+'28'!B7+'29'!B7+'30'!B7+'31'!B7 -> 0 | K10: поступило за месяц

Sheet 01
A1: Ежедневный учёт движения больных и коечного фонда КСС
D2: Отделение: | E2: ='2'!E2 -> I отделение
C3: дата составления: | D3: ='31'!D3+1 -> 45748 | F3: за: | G3: =D3-1 -> 45747
A5: Занято коек на начало дня | B5: Поступило | C5: Перевод | E5: Выписано | G5: Умерло | H5: Занято коек на конец дня
C6: в (выбыл) | D6: из (прибыл) | E6: Всего | F6: в т.ч. в др. ЛПУ
A7: ='31'!H7 -> 123 | B7: =COUNTA(A10:A59) -> 0 | C7: =COUNTA(E10:E59) -> 0 | D7: =COUNTA(F10:F59) -> 0 | E7: =COUNTA(C10:C59)+F7 -> 0 | F7: =COUNTA(G10:G59) -> 0 | G7: =COUNTA(H10:H59) -> 0 | H7: =A7+B7+D7-C7-E7-G7 -> 123
A9: Поступило | B9: сопровож- дение (1 — да) | C9: Выписано | D9: Перевод внутри больницы (ФИО!) | E9: в (КУДА!) | F9: из (ОТКУДА!) | G9: Перевод в др. ЛПУ | H9: Умерло | J9: ='2'!E7+'3'!E7+'4'!E7+'5'!E7+'6'!E7+'7'!E7+'8'!E7+'9'!E7+'10'!E7+'11'!E7+'12'!E7+'13'!E7+'14'!E7+'15'!E7+'16'!E7+'17'!E7+'18'!E7+'19'!E7+'20'!E7+'21'!E7+'22'!E7+'23'!E7+'24'!E7+'25'!E7+'26'!E7+'27'!E7+'28'!E7+'29'!E7+'30'!E7+'31'!E7+'01'!E7 -> 0 | K9: выписано за месяц
J10: ='2'!B7+'3'!B7+'4'!B7+'5'!B7+'6'!B7+'7'!B7+'8'!B7+'9'!B7+'10'!B7+'11'!B7+'12'!B7+'13'!B7+'14'!B7+'15'!B7+'16'!B7+'17'!B7+'18'!B7+'19'!B7+'20'!B7+'21'!B7+'22'!B7+'23'!B7+'24'!B7+'25'!B7+'26'!B7+'27'!B7+'28'!B7+'29'!B7+'30'!B7+'31'!B7+'01'!B7 -> 0 | K10: поступило за месяц
